City_ID,City,Lat,Lng,Max Temp,Humidity,Cloudiness,Wind Speed,Country,Date
0,christchurch,-43.5333,172.6333,46.9,79,100,4.61,NZ,1692387166
1,papatowai,-46.5619,169.4708,44.92,80,100,16.02,NZ,1692387218
2,grytviken,-54.2811,-36.5092,18.36,82,14,13.13,GS,1692387218
3,aykhal,66.0,111.5,48.33,73,0,14.09,RU,1692387218
4,mangrol,21.1167,70.1167,79.74,80,100,12.24,IN,1692387219
5,aktau,43.65,51.2,77.58,65,0,9.75,KZ,1692387219
6,wailua homesteads,22.0669,-159.378,83.19,76,40,13.8,US,1692387219
7,remire-montjoly,4.9167,-52.2667,89.64,70,0,13.8,GF,1692387220
8,stanley,54.868,-1.6985,60.78,93,75,12.66,GB,1692387220
9,ebon,4.582,168.6964,82.89,73,100,5.28,MH,1692387221
10,port lincoln,-34.7333,135.8667,56.62,85,75,13.69,AU,1692387221
11,severo-yeniseyskiy,60.3725,93.0408,49.66,86,100,3.4,RU,1692387221
12,aasiaat,68.7098,-52.8699,38.75,81,15,2.53,GL,1692387221
13,chonchi,-42.6128,-73.8092,51.12,69,86,4.45,CL,1692387222
14,jamestown,42.097,-79.2353,64.54,65,100,16.11,US,1692387170
15,edinburgh of the seven seas,-37.0676,-12.3116,53.98,67,100,31.47,SH,1692387222
16,caleta de carquin,-11.0925,-77.6267,69.28,72,12,13.27,PE,1692387222
17,zavolzhsk,57.4823,42.1378,62.37,80,48,8.3,RU,1692387222
18,takoradi,4.8845,-1.7554,74.71,94,100,4.32,GH,1692387223
19,iskateley,67.6803,53.1512,48.58,76,78,24.18,RU,1692387223
20,college,64.8569,-147.8028,55.72,81,100,5.75,US,1692387223
21,adamstown,-25.066,-130.1015,62.31,51,93,17.31,PN,1692387224
22,nagqu,31.5,92.0,42.44,85,100,3.85,CN,1692387224
23,bam,29.106,58.357,83.39,7,0,8.84,IR,1692387224
24,pokachi,61.7198,75.3683,53.06,78,0,3.09,RU,1692387224
25,port-aux-francais,-49.35,70.2167,34.77,64,94,37.45,TF,1692387224
26,vanimo,-2.6741,141.3028,75.83,88,100,3.24,PG,1692387224
27,kollo,13.3043,2.339,86.43,53,6,10.74,NE,1692387225
28,whitehorse,60.7161,-135.0538,57.09,71,75,2.3,CA,1692387225
29,cabo san lucas,22.8909,-109.9124,84.51,82,100,13.8,MX,1692387168
30,fale old settlement,-9.3852,-171.2468,82.54,80,99,18.84,TK,1692387225
31,yung shue wan,22.2333,114.1167,85.75,87,84,9.62,HK,1692387226
32,constantia,44.1833,28.65,72.7,73,5,10.33,RO,1692387226
33,iqaluit,63.7506,-68.5145,40.73,100,100,23.0,CA,1692386989
34,cangzhou,38.3167,116.8667,76.86,89,89,4.09,CN,1692387226
35,bagua grande,-5.7561,-78.4411,95.4,34,21,6.06,PE,1692387227
36,masterton,-40.9597,175.6575,43.88,94,100,3.27,NZ,1692387227
37,kailua-kona,19.6406,-155.9956,88.59,71,20,14.97,US,1692387227
38,lebu,-37.6167,-73.65,51.35,67,100,9.73,CL,1692387228
39,lerwick,60.1545,-1.1494,57.2,92,0,15.43,GB,1692387228
40,tazovsky,67.4667,78.7,45.01,81,0,2.68,RU,1692387228
41,bilibino,68.0546,166.4372,40.73,82,48,4.07,RU,1692387228
42,east london,-33.0153,27.9116,59.79,69,73,14.94,ZA,1692387229
43,bredasdorp,-34.5322,20.0403,50.05,92,100,2.44,ZA,1692387229
44,horta,38.5333,-28.6333,77.02,65,20,13.8,PT,1692387229
45,colonia,50.9333,6.95,80.96,69,0,4.61,DE,1692387208
46,badger,64.8,-147.5333,55.65,80,100,5.75,US,1692387229
47,margaret river,-33.95,115.0667,54.68,76,54,4.29,AU,1692387229
48,chongwe,-15.3292,28.682,64.98,52,0,3.33,ZM,1692387229
49,at taj,24.2049,23.2857,84.85,19,0,9.89,LY,1692387229
50,kourou,5.1552,-52.6478,89.65,83,96,10.27,GF,1692387230
51,utrik,11.2278,169.8474,82.94,78,33,17.07,MH,1692387230
52,bykovo,55.6361,38.0803,74.55,83,0,4.47,RU,1692387230
53,puerto ayora,-0.7393,-90.3518,85.96,80,96,8.99,EC,1692387230
54,dapa,9.7594,126.0531,80.04,80,79,8.84,PH,1692387231
55,enewetak,11.3474,162.3373,83.39,75,17,13.65,MH,1692387231
56,ribeira grande,38.5167,-28.7,77.77,65,20,13.8,PT,1692387231
57,nova sintra,14.8667,-24.7167,75.45,82,78,5.68,CV,1692387232
58,alenquer,-1.9417,-54.7383,97.65,32,43,4.0,BR,1692387232
59,ushuaia,-54.8,-68.3,42.46,61,40,6.91,AR,1692387124
60,port elizabeth,-33.918,25.5701,57.49,82,20,11.5,ZA,1692387232
61,sinabang,2.4803,96.3801,79.0,83,100,2.57,ID,1692387232
62,puerto natales,-51.7236,-72.4875,34.25,86,75,1.14,CL,1692387233
63,hawaiian paradise park,19.5933,-154.9731,82.72,83,100,13.8,US,1692387233
64,hermanus,-34.4187,19.2345,50.81,87,100,6.62,ZA,1692387035
65,port augusta,-32.5,137.7667,47.17,97,19,2.08,AU,1692387233
66,petropavlovsk-kamchatsky,53.0452,158.6483,55.99,100,75,8.95,RU,1692387233
67,laguna,38.421,-121.4238,88.77,53,0,9.22,US,1692387129
68,sitka,57.0531,-135.33,58.89,77,100,9.22,US,1692387232
69,waitangi,-43.9535,-176.5597,51.82,81,14,10.0,NZ,1692387233
70,talnakh,69.4865,88.3972,59.31,65,100,5.55,RU,1692387234
71,nizhniy kuranakh,58.8353,125.4869,51.84,92,2,4.41,RU,1692387176
72,betio village,1.358,172.9211,82.44,70,100,6.24,KI,1692387234
73,yemva,62.59,50.8594,50.16,66,12,6.46,RU,1692387234
74,egilsstadir,65.2653,-14.3948,57.11,72,75,9.22,IS,1692387234
75,qarauyl,48.9451,79.255,60.13,59,3,4.12,KZ,1692387235
76,bari,41.1177,16.8512,81.27,66,98,1.01,IT,1692387235
77,qaqortoq,60.7167,-46.0333,47.16,77,1,8.05,GL,1692387235
78,nemuro,43.3236,145.575,63.91,94,61,4.38,JP,1692387235
79,longyearbyen,78.2186,15.6401,40.84,81,75,10.36,SJ,1692387236
80,tura,25.5198,90.2201,75.02,94,100,6.49,IN,1692387236
81,mata-utu,-13.2816,-176.1745,81.5,77,16,14.83,WF,1692387236
82,tazacorte,28.629,-17.9293,76.17,78,20,14.97,ES,1692387237
83,yeniseysk,58.4497,92.1703,51.31,95,88,3.89,RU,1692387237
84,greymouth,-42.4667,171.2,39.85,89,100,10.38,NZ,1692387237
85,bethel,41.3712,-73.414,82.02,59,0,8.05,US,1692387237
86,tiksi,71.6872,128.8694,37.54,93,100,7.61,RU,1692387238
87,rawson,-43.3002,-65.1023,42.53,83,99,24.49,AR,1692387238
88,misratah,32.3754,15.0925,80.71,62,0,6.58,LY,1692387238
89,invercargill,-46.4,168.35,42.03,79,100,3.0,NZ,1692387144
90,nar'yan-mar,67.6713,53.087,48.85,76,81,24.14,RU,1692387239
91,saipan,15.1355,145.701,81.3,100,75,0.0,MP,1692387239
92,lompoc,34.6391,-120.4579,88.02,66,20,6.91,US,1692387239
93,albany,42.6001,-73.9662,76.17,65,75,1.99,US,1692387115
94,ternate,0.8,127.4,80.11,79,100,4.56,ID,1692387240
95,turpan,42.9333,89.1667,89.64,15,69,3.18,CN,1692387240
96,chatel-guyon,45.9167,3.0667,79.12,54,0,2.3,FR,1692387240
97,amqui,48.4638,-67.4313,64.9,94,100,11.45,CA,1692387241
98,la ronge,55.1001,-105.2842,62.85,82,100,11.5,CA,1692387242
99,maracas,-13.4411,-40.4308,62.82,84,100,6.4,BR,1692387242
100,malvan,16.0667,73.4667,79.79,84,100,12.06,IN,1692387243
101,isabela,6.7085,121.9711,78.03,89,99,3.24,PH,1692387244
102,carnarvon,-24.8667,113.6333,62.94,32,0,13.76,AU,1692387244
103,el bolson,-41.9667,-71.5167,41.04,82,74,5.84,AR,1692387244
104,hermansverk,61.1846,6.8502,70.25,52,75,8.05,NO,1692387245
105,avarua,-21.2078,-159.775,77.05,88,100,5.75,CK,1692387245
106,san patricio,28.017,-97.5169,102.29,39,1,16.73,US,1692387246
107,karymskoye,51.6167,114.35,51.75,84,99,10.42,RU,1692387246
108,vikhorevka,56.1201,101.1636,54.99,93,100,11.32,RU,1692387246
109,klyuchi,52.2667,79.1667,62.02,54,100,7.49,RU,1692387247
110,san fernando,15.0286,120.6898,82.13,91,39,2.93,PH,1692387247
111,mount pearl,47.5166,-52.7813,70.14,76,100,8.05,CA,1692387247
112,el quebrachal,-25.2833,-64.0667,73.78,37,41,14.29,AR,1692387247
113,blackmans bay,-43.0167,147.3167,45.52,86,100,6.24,AU,1692387247
114,sinop,41.7711,34.8709,68.4,93,34,1.7,TR,1692387248
115,polyarnyy,69.1989,33.4478,50.54,79,100,13.67,RU,1692387248
116,kenora,49.8167,-94.4337,76.17,41,40,17.27,CA,1692387248
117,berlin,52.5244,13.4105,80.94,68,0,8.01,DE,1692387248
118,west island,-12.1568,96.8225,75.18,73,97,27.63,CC,1692387248
119,charters towers,-20.1,146.2667,54.79,36,5,10.36,AU,1692387248
120,jayapura,-2.5333,140.7,76.39,89,100,2.06,ID,1692387248
121,yellowknife,62.456,-114.3525,57.42,64,100,12.66,CA,1692387249
122,trebon,49.0036,14.7707,73.49,69,72,4.32,CZ,1692387249
123,cidreira,-30.1811,-50.2056,68.58,82,100,6.15,BR,1692387250
124,port mathurin,-19.6833,63.4167,72.82,78,4,14.34,MU,1692387250
125,divnogorsk,55.9594,92.3619,54.09,98,85,4.16,RU,1692387250
126,inhambane,-23.865,35.3833,71.58,94,0,11.5,MZ,1692387119
127,georgetown,5.4112,100.3354,82.35,85,20,3.44,MY,1692387109
128,asau,46.4333,26.4,70.72,59,6,3.71,RO,1692387251
129,codrington,-38.2667,141.9667,54.61,89,100,17.34,AU,1692387252
130,moissala,8.3404,17.7663,72.95,93,100,2.37,TD,1692387252
131,ust-nera,64.5667,143.2,56.41,90,100,6.93,RU,1692387252
132,thompson,55.7435,-97.8558,60.96,100,100,5.75,CA,1692387253
133,keflavik,64.0049,-22.5624,60.71,88,75,17.27,IS,1692387253
134,vrede,-27.4257,29.1659,53.44,30,100,3.15,ZA,1692387253
135,thunder bay,48.4001,-89.3168,75.18,43,40,13.8,CA,1692387015
136,sarupathar,26.1984,93.8094,77.02,98,100,3.29,IN,1692387253
137,salalah,17.0151,54.0924,78.89,94,100,3.44,OM,1692387258
138,port alfred,-33.5906,26.891,58.14,81,52,14.45,ZA,1692387259
139,as sulayyil,20.4607,45.5779,98.85,17,3,11.81,SA,1692387259
140,palatka,29.6486,-81.6376,93.11,53,100,1.99,US,1692387259
141,canto del llano,8.1761,-80.973,81.91,80,99,5.01,PA,1692387260
142,korce,40.6186,20.7808,69.26,56,19,0.43,AL,1692387260
143,vadso,70.0744,29.7487,50.88,71,75,16.11,NO,1692387261
144,aldinga beach,-35.2793,138.4604,54.75,92,45,9.73,AU,1692387236
145,atafu village,-8.5421,-172.5159,82.62,79,99,17.52,TK,1692387261
146,ilulissat,69.2167,-51.1,48.22,66,75,5.75,GL,1692387261
147,moree,-29.4667,149.85,38.41,90,2,8.08,AU,1692387261
148,olonkinbyen,70.9221,-8.7187,43.77,90,100,12.33,SJ,1692387262
149,tsetserleg,47.475,101.4542,44.51,69,0,4.83,MN,1692387262
150,ola,59.5833,151.2833,57.69,83,0,2.62,RU,1692387262
151,lihue,21.9789,-159.3672,83.79,70,40,13.8,US,1692387151
152,tionk essil,12.7856,-16.5217,84.25,88,100,9.42,SN,1692387262
153,urangan,-25.3,152.9,59.2,50,0,17.02,AU,1692387263
154,mount gambier,-37.8333,140.7667,53.55,91,100,10.89,AU,1692387263
155,balsas,-7.5325,-46.0356,98.56,18,51,6.98,BR,1692387264
156,rusk,31.796,-95.1502,105.51,24,0,3.44,US,1692387264
157,mirnyy,62.5353,113.9611,60.24,82,100,13.0,RU,1692387264
158,boa vista,2.8197,-60.6733,89.58,55,40,2.3,BR,1692387265
159,alice springs,-23.7,133.8833,40.55,65,0,0.0,AU,1692387266
160,uturoa,-16.7333,-151.4333,77.63,68,71,20.07,PF,1692387267
161,gracias,14.5833,-88.5833,87.46,44,84,6.15,HN,1692387267
162,debica,50.0515,21.4114,72.37,69,9,5.5,PL,1692387267
163,gadzhiyevo,69.2551,33.3362,49.78,80,100,14.23,RU,1692387268
164,nuuk,64.1835,-51.7216,43.41,87,40,11.5,GL,1692387105
165,zav'yalovo,56.7847,53.3776,71.4,77,39,4.76,RU,1692387268
166,bouar,5.934,15.596,65.3,92,81,1.52,CF,1692387269
167,dzhangala,49.2167,50.3333,81.55,25,7,11.34,KZ,1692387269
168,eureka,40.8021,-124.1637,67.39,85,46,5.01,US,1692387269
169,pryor creek,36.3084,-95.3169,95.99,62,0,6.91,US,1692387270
170,machico,32.7,-16.7667,79.43,74,20,14.97,PT,1692387270
171,santana,-0.0583,-51.1817,93.38,52,40,9.22,BR,1692387270
172,kolonia,50.9333,6.95,81.95,68,0,5.75,DE,1692386989
173,mugango,-1.6833,33.7,73.58,68,44,3.71,TZ,1692387271
174,villa el carmen,11.9801,-86.5057,87.17,46,98,15.08,NI,1692387271
175,bekobod,40.2208,69.2697,74.89,22,0,3.83,UZ,1692387271
176,maxixe,-23.8597,35.3472,71.42,94,0,11.5,MZ,1692387271
177,ulsteinvik,62.3432,5.8487,66.9,84,83,5.3,NO,1692387271
178,nuku'alofa,-21.1333,-175.2,68.34,88,75,10.36,TO,1692387272
179,saint-pierre,-21.3393,55.4781,67.68,83,0,4.61,RE,1692387272
180,shimanovsk,52.0,127.7,55.83,86,0,4.9,RU,1692387272
181,yen vinh,18.6667,105.6667,81.99,80,2,5.01,VN,1692387273
182,merizo village,13.2658,144.6691,81.16,96,94,10.31,GU,1692387273
183,torit,4.4133,32.5678,78.49,54,68,2.89,SS,1692387274
184,collingwood,44.4834,-80.2164,60.62,91,100,20.96,CA,1692387274
185,luena,-11.7833,19.9167,75.38,31,0,5.75,AO,1692387274
186,estevan,49.1334,-102.9842,88.0,37,75,10.36,CA,1692387274
187,hadibu,12.65,54.0333,78.03,81,80,15.32,YE,1692387275
188,urzhum,57.1141,49.9996,66.72,88,99,7.52,RU,1692387275
189,mabaruma,8.2,-59.7833,88.09,62,34,5.79,GY,1692387276
190,beau vallon,-20.4189,57.6953,70.03,83,20,2.3,MU,1692387276
191,isafjordur,66.0755,-23.124,53.64,87,100,0.0,IS,1692387276
192,gumdag,39.2061,54.5906,84.65,32,0,7.58,TM,1692387276
193,metlili chaamba,32.2667,3.6333,101.34,11,20,9.22,DZ,1692387277
194,stettler,52.3168,-112.7186,53.35,100,100,16.11,CA,1692387197
195,la passe,45.5549,-0.8967,86.23,84,99,6.22,FR,1692387277
196,saldanha,-33.0117,17.9442,51.85,84,100,9.75,ZA,1692387277
197,rikaze,29.25,88.8833,58.89,54,71,3.91,CN,1692387278
198,weno,7.4515,151.8468,78.75,94,75,0.0,FM,1692387278
199,kyelang,32.5833,77.0333,50.9,75,57,3.47,IN,1692387278
200,murzuq,25.9155,13.9184,93.45,19,15,16.87,LY,1692387278
201,dien bien phu,21.3833,103.0167,76.87,93,100,0.2,VN,1692387278
202,magnaga,7.1694,125.8931,75.18,88,100,1.3,PH,1692387279
203,punalur,9.0,76.9333,75.25,91,100,2.53,IN,1692387279
204,adre,13.4667,22.2,71.94,80,100,10.49,TD,1692387279
205,kingston,17.997,-76.7936,90.55,66,40,9.22,JM,1692386886
206,nouadhibou,20.931,-17.0347,75.18,83,39,18.41,MR,1692387280
207,baganga,7.5739,126.56,77.18,87,100,3.91,PH,1692387280
208,constitucion,-35.3333,-72.4167,53.4,61,100,4.94,CL,1692387280
209,mundgod,14.9667,75.0333,69.33,94,100,7.43,IN,1692387280
210,abepura,-2.6333,140.5833,76.01,83,20,0.0,ID,1692387280
211,aitape,-3.1374,142.3475,75.78,87,91,1.95,PG,1692387281
212,barreirinha,-2.7933,-57.07,103.44,22,69,3.69,BR,1692387281
213,susuman,62.7833,148.1667,55.27,83,90,3.27,RU,1692387281
214,san rafael del sur,11.8485,-86.4384,86.97,49,95,15.17,NI,1692387281
215,chissamba,-12.1667,17.3333,73.47,22,3,5.44,AO,1692387282
216,itaituba,-4.2761,-55.9836,100.56,37,20,6.91,BR,1692387282
217,punta arenas,-53.15,-70.9167,39.31,93,100,13.8,CL,1692387191
218,kodiak,57.79,-152.4072,53.11,71,0,3.44,US,1692387225
219,zaozersk,69.4005,32.4476,50.07,77,99,16.89,RU,1692387283
220,bairnsdale,-37.8333,147.6167,49.05,68,90,1.01,AU,1692387283
221,queenstown,-31.8976,26.8753,44.15,46,99,0.4,ZA,1692387283
222,farafangana,-22.8167,47.8333,68.4,86,59,9.51,MG,1692387283
223,salinopolis,-0.6136,-47.3561,83.03,74,38,14.9,BR,1692387142
224,poso,-1.3959,120.7524,79.34,73,100,5.21,ID,1692387289
225,bikenibeu village,1.3673,173.1241,82.36,83,75,3.44,KI,1692387289
226,russellville,35.2784,-93.1338,92.79,51,0,5.75,US,1692387256
227,pervomayskiy,53.2485,40.2871,72.61,59,0,6.98,RU,1692387290
228,kidal,18.4411,1.4078,96.66,32,68,8.08,ML,1692387290
229,saint croix,17.7397,-64.7388,88.25,70,75,16.11,VI,1692387290
230,berdigestyakh,62.0989,126.6992,59.81,82,100,7.49,RU,1692387291
231,kapuskasing,49.4169,-82.4331,66.29,48,75,16.11,CA,1692387291
232,loiza,18.4313,-65.8802,92.62,74,40,24.16,PR,1692387292
233,katsuura,35.1333,140.3,78.78,92,1,3.47,JP,1692387292
234,tsiombe,-25.3,45.4833,68.09,61,4,4.85,MG,1692387292
235,mossel bay,-34.1831,22.146,53.53,83,100,3.85,ZA,1692387292
236,papao,-17.75,-149.55,80.28,70,17,25.19,PF,1692387293
237,shimoda,34.6667,138.95,78.1,86,2,5.77,JP,1692387293
238,svetlyy,54.675,20.1347,71.65,80,64,8.25,RU,1692387294
239,galle,6.0367,80.217,80.94,80,100,11.77,LK,1692387294
240,gulf shores,30.246,-87.7008,101.28,49,0,11.5,US,1692387295
241,altamont,42.2068,-121.7372,84.4,43,0,5.75,US,1692387295
242,samalut,28.3121,30.7101,86.14,27,34,7.14,EG,1692387295
243,trairi,-3.2778,-39.2689,80.04,70,16,14.76,BR,1692387296
244,mili,6.0815,171.735,83.21,75,100,5.68,MH,1692387296
245,taytay,14.5678,121.1394,82.06,91,20,1.14,PH,1692387296
246,san luis,-33.295,-66.3356,58.62,34,0,13.94,AR,1692387098
247,vilyuchinsk,52.9306,158.4028,57.47,90,100,6.76,RU,1692387297
248,flying fish cove,-10.4217,105.6791,71.28,100,100,5.75,CX,1692387297
249,mersa matruh,31.3525,27.2453,80.8,78,75,8.05,EG,1692387297
250,lengshuitan,26.4111,111.5956,79.77,74,100,1.05,CN,1692387297
251,pariaman,-0.619,100.12,77.05,89,94,2.01,ID,1692387297
252,taoudenni,22.6783,-3.9836,101.32,27,74,12.57,ML,1692387298
253,vangaindrano,-23.35,47.6,68.2,86,79,7.36,MG,1692387298
254,pitimbu,-7.4706,-34.8086,81.19,79,97,13.69,BR,1692387298
255,colares,38.7992,-9.4469,78.1,85,75,13.0,PT,1692387298
256,panaba,21.2833,-88.2667,100.53,34,0,16.71,MX,1692387299
257,hithadhoo,-0.6,73.0833,82.17,71,12,10.92,MV,1692387299
258,saint-philippe,-21.3585,55.7679,67.59,88,54,9.4,RE,1692387299
259,faya-largeau,17.9257,19.1043,97.56,15,25,14.27,TD,1692387299
260,opuwo,-18.0607,13.84,65.75,28,4,6.53,NA,1692387300
261,kuala belait,4.5833,114.1833,75.36,91,100,6.02,BN,1692387300
262,baie-comeau,49.2168,-68.1489,67.68,83,100,14.97,CA,1692387245
263,almeirim,-1.5233,-52.5817,89.17,45,100,1.66,BR,1692387301
264,jamaame,0.0697,42.745,75.63,86,98,11.27,SO,1692387301
265,bandon,51.7469,-8.7425,63.99,98,100,25.26,IE,1692387302
266,xinyuan,37.3,99.0,46.11,97,100,3.02,CN,1692387303
267,kerikeri,-35.2268,173.9474,54.41,74,100,9.46,NZ,1692387303
268,howard springs,-12.497,131.047,69.82,89,3,5.82,AU,1692387304
269,oruro,-17.9833,-67.15,64.89,19,0,13.8,BO,1692387305
270,brisas de zicatela,15.8369,-97.0419,88.32,62,20,3.44,MX,1692387305
271,morehead city,34.7229,-76.726,91.45,67,0,19.57,US,1692387306
272,anadyr,64.75,177.4833,59.5,77,75,8.95,RU,1692387306
273,nova olinda do norte,-3.8881,-59.0942,103.1,21,60,2.42,BR,1692387307
274,gobabis,-22.45,18.9667,64.0,18,3,6.6,NA,1692387307
275,villa la angostura,-40.7617,-71.6463,41.94,84,99,6.38,AR,1692387308
276,krasnaya gora,52.9995,31.6023,68.31,73,0,2.53,RU,1692387308
277,kontcha,7.9667,12.2333,72.41,96,100,3.78,CM,1692387308
278,shatrovo,56.5167,64.6333,66.43,80,35,5.26,RU,1692387309
279,coalcoman de vazquez pallares,18.7833,-103.15,80.44,65,100,2.06,MX,1692387309
280,ancud,-41.8697,-73.8203,47.55,67,88,10.85,CL,1692387309
281,the pas,53.8251,-101.2541,77.02,57,0,8.05,CA,1692387118
282,margate,51.3813,1.3862,72.9,89,100,3.0,GB,1692387142
283,rimouski,48.4488,-68.524,75.38,88,100,11.16,CA,1692387309
284,dryden,49.7833,-92.7503,75.49,41,0,16.11,CA,1692387122
285,buala,-8.145,159.5921,79.3,84,77,6.71,SB,1692387310
286,mananjary,-21.2167,48.3333,69.19,84,96,7.85,MG,1692387310
287,dudinka,69.4058,86.1778,55.17,68,99,4.54,RU,1692387311
288,zakharivka,47.3333,29.75,73.35,39,0,4.76,UA,1692387312
289,sola,-13.8833,167.55,77.52,85,78,14.47,VU,1692387312
290,puerto baquerizo moreno,-0.9,-89.6,81.59,65,40,17.27,EC,1692387312
291,udachny,66.4167,112.4,46.45,87,5,13.87,RU,1692387313
292,port saint john's,-31.6229,29.5448,61.63,67,63,7.56,ZA,1692387313
293,bwizibwera,-0.5917,30.6286,70.47,59,78,3.04,UG,1692387313
294,glace bay,46.1969,-59.957,70.05,97,100,13.8,CA,1692387313
295,santo antonio do ica,-3.1022,-67.9397,87.58,61,99,1.16,BR,1692387313
296,patterson,37.4716,-121.1297,91.02,26,0,1.34,US,1692387180
297,timbuktu,16.7735,-3.0074,97.61,32,100,7.25,ML,1692387314
298,la sarre,48.8002,-79.1996,51.35,94,100,15.1,CA,1692387187
299,okha,53.5739,142.9478,56.89,97,87,6.22,RU,1692387314
300,akranes,64.3218,-22.0749,60.85,75,100,11.79,IS,1692387314
301,kalaleh,37.3807,55.4916,77.43,58,0,3.09,IR,1692387314
302,arkhangel'sk,64.5401,40.5433,46.63,86,1,4.38,RU,1692387315
303,kabansk,52.0486,106.6528,51.73,91,84,4.92,RU,1692387315
304,guardo,42.7897,-4.8482,71.55,48,42,10.2,ES,1692387315
305,kimbe,-5.5502,150.1429,74.53,94,68,7.11,PG,1692387316
306,suva,-18.1416,178.4415,72.88,94,75,6.91,FJ,1692387316
307,port douglas,-16.4833,145.4667,66.97,77,8,3.24,AU,1692387316
308,mysore,12.3072,76.6497,69.1,88,100,9.35,IN,1692387316
309,vorgashor,67.5833,63.95,51.3,96,100,17.02,RU,1692387317
310,backa topola,45.8152,19.6318,74.52,57,41,6.13,RS,1692387317
311,isangel,-19.55,169.2667,71.71,78,100,4.61,VU,1692387317
312,callao,-12.0667,-77.15,74.71,64,100,14.97,PE,1692387318
313,happy valley-goose bay,53.3168,-60.3315,82.71,39,20,10.36,CA,1692387318
314,kropyvnytskyi,48.5132,32.2597,73.0,51,0,7.11,UA,1692387318
315,askoy,60.4092,5.226,67.95,88,40,4.61,NO,1692387319
316,al hasakah,36.5024,40.7477,98.92,13,46,8.48,SY,1692387319
317,broken hill,-31.95,141.4333,45.05,93,7,8.59,AU,1692387085
318,kiskunmajsa,46.4903,19.74,73.76,69,9,8.3,HU,1692387319
319,pavlodar,52.3,76.95,53.4,82,0,2.24,KZ,1692387319
320,manokwari,-0.8667,134.0833,76.8,82,100,2.19,ID,1692387320
321,robertsport,6.7533,-11.3686,77.18,87,100,10.89,LR,1692387320
322,fiambala,-27.6871,-67.6149,62.64,29,66,12.64,AR,1692387320
323,ulladulla,-35.35,150.4667,45.64,66,55,8.21,AU,1692387321
324,kilinochchi,9.3961,80.3982,81.93,75,100,17.67,LK,1692387321
325,el salto,20.3333,-104.5,77.13,55,100,5.12,MX,1692387321
326,raja,8.4596,25.678,74.91,80,3,3.76,SS,1692387321
327,ust'-kulom,61.6864,53.6902,54.23,61,89,11.97,RU,1692387321
328,selfoss,63.9331,-20.9971,59.04,77,100,13.53,IS,1692387321
329,belmonte,-15.8631,-38.8828,75.27,67,40,8.3,BR,1692387322
330,terenozek,45.05,64.9833,78.69,25,5,9.8,KZ,1692387322
331,touros,-5.1989,-35.4608,78.6,78,19,14.88,BR,1692387322
332,hwado,37.6525,127.3075,79.48,95,25,1.23,KR,1692387323
333,north bend,43.4065,-124.2243,79.25,64,0,18.41,US,1692387323
334,onega,63.9061,38.1404,47.32,82,9,0.85,RU,1692387323
335,mainpuri,27.2333,79.0167,87.57,64,98,5.35,IN,1692387324
336,airuk,7.2772,168.8203,82.8,77,81,8.23,MH,1692387324
337,pangody,65.85,74.4859,52.41,50,1,8.16,RU,1692387325
338,revda,56.801,59.9303,64.78,77,2,4.76,RU,1692387325
339,grants pass,42.439,-123.3284,90.19,45,0,0.0,US,1692387325
340,brookings,44.3114,-96.7984,80.94,50,0,26.46,US,1692387166
341,xilin hot,43.9667,116.0333,53.89,77,0,4.05,CN,1692387325
342,sungai raya,0.7,108.9,78.22,89,100,8.23,ID,1692387326
343,la'ie,21.6477,-157.9253,84.16,72,6,12.06,US,1692387326
344,igarka,67.4667,86.5833,55.71,78,100,6.35,RU,1692387326
345,boyolangu,-8.1181,111.8935,68.4,94,27,0.36,ID,1692387326
346,ghat,24.9647,10.1728,93.2,15,86,12.73,LY,1692387326
347,kokstad,-30.5472,29.4241,43.25,82,68,2.48,ZA,1692387327
348,mpulungu,-8.7623,31.1141,76.3,40,9,5.19,ZM,1692387327
349,zag,46.9441,99.165,46.06,44,0,3.76,MN,1692387327
350,falconara marittima,43.6233,13.4031,78.93,63,5,2.3,IT,1692387328
351,road town,18.4167,-64.6167,91.49,66,40,13.8,VG,1692387328
352,saudarkrokur,65.7461,-19.6394,54.14,81,86,4.97,IS,1692387328
353,bodo,67.28,14.405,55.44,80,0,6.91,NO,1692387328
354,luderitz,-26.6481,15.1594,55.49,82,100,8.77,NA,1692387328
355,tolanaro,-25.0319,46.9987,69.87,78,20,18.41,MG,1692387329
356,rockland,41.1668,-74.0496,81.97,60,19,1.01,US,1692387329
357,tamanrasset,22.785,5.5228,69.71,73,40,18.41,DZ,1692387329
358,middlesboro,36.6084,-83.7166,86.2,47,40,4.61,US,1692387329
359,sadovoye,47.7764,44.5089,83.97,27,83,8.43,RU,1692387330
360,gaspra,44.4333,34.1,75.29,57,0,8.19,UA,1692387330
361,gargalianoi,37.0667,21.6333,80.35,68,0,3.18,GR,1692387331
362,skopin,53.8249,39.5505,71.1,66,4,7.07,RU,1692387331
363,hotan,37.0997,79.9269,77.5,22,51,3.76,CN,1692387331
364,amos,48.5669,-78.1162,49.98,98,100,13.44,CA,1692387331
365,antonio enes,-16.2325,39.9086,73.04,82,3,9.31,MZ,1692387331
366,krasnogorskoye,52.2953,86.1979,49.24,89,16,2.95,RU,1692387332
367,lorengau,-2.0226,147.2712,79.72,87,100,14.83,PG,1692387332
368,afaahiti,-17.75,-149.2833,78.67,69,69,24.07,PF,1692387332
369,st. john's,47.5649,-52.7093,70.99,77,100,8.05,CA,1692387308
370,brenham,30.1669,-96.3977,105.98,33,0,6.91,US,1692387332
371,bubaque,11.2833,-15.8333,80.64,85,100,15.57,GW,1692387332
372,haiku-pauwela,20.9219,-156.3051,81.18,68,9,11.01,US,1692387225
373,trincomalee,8.5711,81.2335,81.64,76,100,20.51,LK,1692387333
374,suksun,57.1431,57.3949,66.83,69,49,4.68,RU,1692387333
375,pokaran,26.9167,71.9167,87.89,51,100,19.46,IN,1692387333
376,taroa,8.7058,171.2275,82.89,76,25,11.18,MH,1692387334
377,fereydun kenar,36.6864,52.5225,80.67,64,1,2.59,IR,1692387334
378,geraldton,-28.7667,114.6,46.81,93,0,9.22,AU,1692387334
379,ghormach,35.7306,63.7826,78.49,18,0,5.17,AF,1692387334
380,ta`u,-14.2336,-169.5144,82.13,75,53,18.81,AS,1692387335
381,verkhnevilyuysk,63.4453,120.3167,58.89,78,84,9.73,RU,1692387335
382,kaspiyskiy,45.3929,47.3707,81.73,55,19,10.58,RU,1692387335
383,usogorsk,63.4106,48.6872,47.05,75,1,7.2,RU,1692387336
384,tortoli,39.9256,9.6572,76.82,88,0,16.11,IT,1692387336
385,villa corona,20.4167,-103.6833,80.91,43,99,2.64,MX,1692387336
386,levuka,50.1834,-105.4011,91.22,28,20,24.16,CA,1692387336
387,pasighat,28.0667,95.3333,78.19,97,96,2.48,IN,1692387336
388,anna regina,7.2644,-58.5077,85.06,70,20,3.96,GY,1692387337
389,souillac,-20.5167,57.5167,70.18,83,20,2.3,MU,1692387337
390,marsa alam,25.0757,34.8918,91.54,54,5,8.3,EG,1692387337
391,duluth,46.7833,-92.1066,78.55,43,0,17.27,US,1692387252
392,alofi,-19.0595,-169.9187,76.89,94,24,3.44,NU,1692387337
393,west end,26.6833,-78.9667,87.78,71,99,2.42,BS,1692387338
394,stephenville,32.2207,-98.2023,108.93,16,0,6.91,US,1692387338
395,sanghar,26.0466,68.9481,81.32,71,14,19.26,PK,1692387339
396,hamilton,39.1834,-84.5333,79.93,53,40,10.36,US,1692386838
397,mikun',62.3547,50.0771,48.45,71,0,7.18,RU,1692387339
398,zhezqazghan,47.7833,67.7667,74.7,28,10,4.59,KZ,1692387339
399,vila velha,-20.3297,-40.2925,78.75,69,20,17.27,BR,1692387340
400,novobod,39.0108,70.1508,66.72,25,0,1.3,TJ,1692387340
401,dakhla,23.6848,-15.958,73.42,83,20,20.71,EH,1692387340
402,tynda,55.1667,124.7167,47.61,91,50,2.21,RU,1692387340
403,wellington,-41.2866,174.7756,51.06,87,75,16.11,NZ,1692387333
404,niamey,13.5137,2.1098,86.29,66,20,6.91,NE,1692387340
405,sinjai,-5.1241,120.253,75.72,83,100,2.71,ID,1692387341
406,zhangye,38.9342,100.4517,70.79,40,100,1.3,CN,1692387341
407,singa,13.15,33.9333,82.22,61,13,8.81,SD,1692387341
408,ed damer,17.5928,33.9592,92.5,37,100,29.21,SD,1692387341
409,businga,3.3333,20.8833,72.19,90,96,2.15,CD,1692387341
410,quiberon,47.4841,-3.1196,70.11,86,46,5.99,FR,1692387342
411,whakatane,-37.9585,176.9854,38.52,99,99,1.01,NZ,1692387342
412,malabar,-33.9667,151.25,49.05,56,6,8.05,AU,1692387342
413,arraial do cabo,-22.9661,-42.0278,82.36,65,0,18.41,BR,1692387142
414,labasa,-16.4167,179.3833,77.23,86,42,4.21,FJ,1692387342
415,puerto deseado,-47.7503,-65.8938,41.32,92,100,20.89,AR,1692387342
416,dila,6.4167,38.3167,64.54,80,87,4.5,ET,1692387343
417,hasaki,35.7333,140.8333,80.31,88,0,3.98,JP,1692387343
418,mont-tremblant,46.1949,-74.6264,67.59,83,73,4.61,CA,1692387337
419,carutapera,-1.195,-46.02,82.22,74,100,11.79,BR,1692387344
420,adelaide,-34.9333,138.6,55.85,89,100,11.5,AU,1692387134
421,howrah,22.5892,88.3103,82.4,89,40,5.75,IN,1692387167
422,flin flon,54.7682,-101.865,67.84,73,100,6.91,CA,1692387345
423,fortuna,40.5982,-124.1573,67.12,87,0,12.66,US,1692387345
424,tozeur,33.9197,8.1335,99.0,22,20,3.44,TN,1692387345
425,sidi bouzid,35.0382,9.4849,86.31,27,42,5.93,TN,1692387346
426,chigorodo,7.6664,-76.6811,87.6,74,40,4.61,CO,1692387346
427,cambuga,13.6167,122.45,77.05,91,27,3.6,PH,1692387346
428,prado,-17.3411,-39.2208,74.43,70,0,10.49,BR,1692387346
429,nishinoomote,30.7333,131.0,80.31,88,83,8.46,JP,1692387346
430,qamdo,31.1667,97.2333,44.78,89,100,3.18,CN,1692387347
431,misliyah,17.4599,42.5572,91.38,54,13,7.11,SA,1692387347
432,mukalla,14.5425,49.1242,87.03,64,5,5.12,YE,1692387347
433,bode saadu,8.9333,4.7833,76.55,92,94,5.39,NG,1692387347
434,amursk,50.2261,136.8994,66.72,88,30,3.58,RU,1692387348
435,popondetta,-8.7537,148.2534,69.82,92,58,2.01,PG,1692387348
436,uruzgan,32.8333,66.0,70.02,12,0,1.48,AF,1692387348
437,barcelona,41.3888,2.159,85.14,80,20,5.75,ES,1692387349
438,yuzhno-kurilsk,44.0306,145.8556,64.47,95,47,3.65,RU,1692387349
439,motueka,-41.1333,173.0167,45.1,85,100,0.54,NZ,1692387349
440,kone,-21.0595,164.8658,61.38,77,4,3.94,NC,1692387349
441,seme,15.1942,-12.9448,89.65,48,94,6.26,SN,1692387349
442,torghay,49.6339,63.4981,78.19,38,68,9.28,KZ,1692387349
443,quellon,-43.1167,-73.6167,46.65,76,75,3.44,CL,1692387350
444,uliastay,47.7417,96.8444,49.69,42,87,5.44,MN,1692387350
445,gaspe,48.8334,-64.4819,62.82,100,100,9.22,CA,1692387350
446,pimentel,-6.8367,-79.9342,79.09,53,75,17.27,PE,1692387350
447,enugu-ezike,6.9825,7.457,72.68,97,95,4.45,NG,1692387350
448,puerto armuelles,8.2833,-82.8667,86.16,72,99,3.0,PA,1692387350
449,korla,41.7597,86.1469,79.86,31,95,3.11,CN,1692387350
450,bonthe,7.5264,-12.505,77.94,86,100,8.01,SL,1692387356
451,cockburn town,21.4612,-71.1419,84.16,74,75,11.5,TC,1692387356
452,labrador city,52.9463,-66.9114,64.31,94,75,6.91,CA,1692387356
453,tangalle,6.024,80.7911,78.8,84,100,11.45,LK,1692387356
454,kincardine,56.0667,-3.7167,64.27,86,100,15.64,GB,1692387357
455,tuy hoa,13.0833,109.3,77.85,87,52,5.26,VN,1692387357
456,playa del carmen,20.6274,-87.0799,93.22,73,20,11.5,MX,1692387357
457,coquimbo,-29.9533,-71.3436,65.93,63,0,12.66,CL,1692387075
458,gonzales,30.2385,-90.9201,99.99,39,0,8.05,US,1692387357
459,usinsk,65.9939,57.5281,45.57,90,100,23.76,RU,1692387357
460,karaton,-6.3424,106.1045,70.32,86,55,0.27,ID,1692387357
461,chibougamau,49.9168,-74.3659,64.02,94,100,13.8,CA,1692387357
462,poronaysk,49.2167,143.1167,59.02,97,14,2.39,RU,1692387358
463,mulbagal,13.1667,78.4,72.93,73,99,14.47,IN,1692387358
464,borovskoy,53.8,64.15,68.74,60,73,6.4,KZ,1692387358
465,eaglehawk,-36.7333,144.25,42.57,59,50,6.15,AU,1692387358
466,mount isa,-20.7333,139.5,55.17,50,50,4.61,AU,1692387358
467,gamba,-2.65,10.0,72.03,89,97,5.14,GA,1692387358
468,okhotsk,59.3833,143.3,57.07,95,0,4.97,RU,1692387358
469,ngereklmadel,7.4883,134.4856,77.09,88,100,9.22,PW,1692387358
470,abilene,32.4487,-99.7331,110.17,15,0,14.97,US,1692387061
471,ginir,7.1333,40.7,61.43,67,5,4.85,ET,1692387206
472,lodwar,3.1191,35.5973,85.98,35,1,15.28,KE,1692387359
473,kamareddi,18.3167,78.35,70.57,94,100,10.04,IN,1692387359
474,fort bragg,35.139,-79.006,91.54,43,75,5.75,US,1692387365
475,ndioum,16.5129,-14.6471,91.29,35,100,7.14,SN,1692387365
476,el abiodh sidi cheikh,32.893,0.5484,87.87,24,100,13.2,DZ,1692387365
477,savanna-la-mar,18.219,-78.1332,87.75,66,27,3.8,JM,1692387366
478,freetown,8.484,-13.2299,76.71,100,75,3.44,SL,1692387366
479,ketchikan,55.3422,-131.6461,61.27,67,100,8.05,US,1692387366
480,an nuhud,12.7,28.4333,81.68,56,7,2.68,SD,1692387367
481,novyy urengoy,66.0833,76.6333,49.89,65,0,5.19,RU,1692387367
482,birendranagar,28.6019,81.6339,75.72,91,99,2.62,NP,1692387367
483,berrotaran,-32.451,-64.3887,59.88,34,3,7.54,AR,1692387367
484,bonawon,9.134,122.9193,79.18,80,100,1.12,PH,1692387368
485,minas de marcona,-15.2119,-75.1103,59.09,73,57,16.22,PE,1692387368
486,kuytun,54.3419,101.5036,49.77,88,81,10.71,RU,1692387369
487,pulgaon,20.7333,78.3333,71.8,95,100,13.67,IN,1692387369
488,allariz,42.1904,-7.8018,67.69,70,28,5.01,ES,1692387370
489,daru,-9.0763,143.2092,76.96,61,99,10.04,PG,1692387370
490,al bardiyah,31.7561,25.0865,78.64,81,0,12.62,LY,1692387370
491,twin falls,42.3505,-114.6445,86.34,30,0,9.22,US,1692387370
492,necochea,-38.5473,-58.7368,49.98,62,5,19.1,AR,1692387371
493,san pedro pochutla,15.7333,-96.4667,91.71,53,74,6.93,MX,1692387371
494,sechura,-5.5569,-80.8222,80.53,54,0,17.31,PE,1692387372
495,barreirinhas,-2.7469,-42.8264,83.01,66,9,12.06,BR,1692387372
496,strelka,58.0728,93.0344,48.49,97,21,3.53,RU,1692387372
497,lapinlahti,65.5833,30.5667,50.77,69,6,3.24,RU,1692387372
498,noosa heads,-26.3833,153.15,60.12,50,0,18.34,AU,1692387378
499,west pymble,-33.7667,151.1333,48.54,64,4,1.01,AU,1692387378
500,zhumysker,49.3333,49.4,80.37,25,4,9.75,KZ,1692387378
501,sosnogorsk,63.6023,53.8817,49.08,65,5,10.85,RU,1692387378
502,guerrero negro,27.9769,-114.0611,83.39,44,10,11.56,MX,1692387281
503,broome,42.2506,-75.833,71.98,63,100,14.97,US,1692387379
504,port-vila,-17.7338,168.3219,71.2,88,100,3.44,VU,1692387379
505,arona,28.0996,-16.681,76.42,60,0,14.97,ES,1692387379
506,nogliki,51.8333,143.1667,56.86,98,61,5.39,RU,1692387379
507,nyurba,63.2842,118.3319,60.03,67,91,12.03,RU,1692387380
508,kapa'a,22.0752,-159.319,84.52,77,40,13.8,US,1692387380
509,troitsko-pechorsk,62.7084,56.1964,52.95,64,100,12.86,RU,1692387380
510,fort payne,34.4442,-85.7197,88.43,54,40,11.5,US,1692387380
511,ouadda,8.0777,22.4007,69.55,96,50,1.45,CF,1692387380
512,flagstaff,35.1981,-111.6513,79.83,45,20,10.36,US,1692387380
513,malyye derbety,47.9547,44.6808,83.07,23,61,7.96,RU,1692387380
514,shingu,33.7333,135.9833,76.98,92,52,3.38,JP,1692387381
515,nakskov,54.8373,11.1284,64.11,96,35,20.65,DK,1692387381
516,mhamid,29.82,-5.72,98.91,11,3,7.72,MA,1692387381
517,namtsy,62.7161,129.6658,58.03,92,100,5.77,RU,1692387381
518,kovernino,57.1253,43.8142,65.37,79,94,8.97,RU,1692387381
519,abu jibeha,11.4562,31.2285,73.67,78,3,3.94,SD,1692387382
520,tabalah,19.95,42.4,87.04,36,70,10.63,SA,1692387382
521,puerto carreno,6.189,-67.4859,93.18,55,40,5.75,CO,1692387382
522,fort st. john,56.2499,-120.8529,53.49,62,100,12.66,CA,1692387382
523,asind,25.7333,74.3333,79.41,66,73,10.98,IN,1692387382
524,bukittinggi,-0.3091,100.3706,66.31,99,99,1.68,ID,1692387383
525,piet retief,-27.0071,30.8132,54.37,89,100,5.08,ZA,1692387384
526,saint-paul,-21.0096,55.2707,71.69,93,13,1.01,RE,1692387385
527,al jawf,29.5,38.75,94.17,11,0,6.71,SA,1692387385
528,rio grande,-32.035,-52.0986,64.51,95,100,6.62,BR,1692387385
529,sao joao da barra,-21.6403,-41.0511,82.49,81,0,19.89,BR,1692387385
530,muriti,-1.9833,32.9167,75.07,71,34,6.17,TZ,1692387386
531,kota belud,6.351,116.4305,77.04,86,100,4.21,MY,1692387386
532,sakakah,29.9697,40.2064,99.97,12,0,7.83,SA,1692387386
533,roma,43.2128,-75.4557,70.95,54,40,19.57,US,1692387294
534,sokoni,-6.4333,39.55,75.06,78,6,13.51,TZ,1692387386
535,mejit,10.2753,170.8646,82.72,77,100,16.02,MH,1692387387
536,smithers,54.7804,-127.1743,62.92,45,20,10.36,CA,1692387312
537,coahuayana de hidalgo,18.7,-103.6583,89.74,58,100,7.05,MX,1692387387
538,oriximina,-1.7656,-55.8661,96.24,33,28,5.84,BR,1692387151
539,tual,-5.6667,132.75,77.97,81,30,21.07,ID,1692387387
540,tonkino,57.3726,46.4629,66.33,85,92,9.89,RU,1692387388
541,ceeldheer,3.8488,47.1806,76.26,85,99,17.72,SO,1692387388
542,tvoroyri,61.5556,-6.8111,52.74,95,99,21.03,FO,1692387388
543,nampula,-15.1165,39.2666,69.75,83,0,9.22,MZ,1692387325
544,vertientes,21.2594,-78.1464,81.21,57,85,13.42,CU,1692387388
545,sanya,18.2431,109.505,84.36,89,20,4.47,CN,1692387389
546,el calafate,-50.3408,-72.2768,32.43,89,95,1.32,AR,1692387383
547,gongzhuling,43.5008,124.8198,65.07,95,34,5.44,CN,1692387389
548,tralee,52.2704,-9.7026,64.45,97,100,17.34,IE,1692387389
549,port-cartier,50.0334,-66.8654,64.62,92,100,12.15,CA,1692387198
550,tangzhai,34.4328,116.5911,74.19,84,0,5.97,CN,1692387389
551,chishmy,54.5765,55.3764,73.63,40,30,2.01,RU,1692387389
552,magadan,59.5667,150.8,57.76,83,0,2.91,RU,1692387389
553,beroroha,-21.6667,45.1667,70.47,55,21,2.73,MG,1692387390
554,lospalos,-8.5186,127.0025,65.97,93,28,3.74,TL,1692387390
555,panguipulli,-39.6333,-72.3333,46.4,77,80,2.3,CL,1692387390
556,drama,41.1544,24.1394,84.58,43,0,6.33,GR,1692387390
557,kununurra,-15.7667,128.7333,80.58,34,75,12.66,AU,1692387391
558,sundargarh,22.1167,84.0333,78.46,91,99,1.14,IN,1692387391
559,wynyard,-41.0,145.7167,52.45,89,100,12.86,AU,1692387391
560,tanggu,39.0211,117.6469,80.56,73,100,3.58,CN,1692387183
561,demidov,55.2706,31.515,68.7,90,52,3.98,RU,1692387391
562,seydi,39.4816,62.9137,84.42,18,0,9.46,TM,1692387391
563,general jose de san martin,-26.5374,-59.3416,62.26,91,98,10.07,AR,1692387391
564,newman,37.3138,-121.0208,91.06,22,0,4.09,US,1692387392
565,axim,4.8699,-2.2405,75.06,92,100,5.48,GH,1692387392
566,baranchinskiy,58.1617,59.6991,67.84,73,62,4.83,RU,1692387392
567,indianola,41.3581,-93.5574,80.91,49,87,12.55,US,1692387175
568,crane,31.3974,-102.3501,102.16,13,0,17.67,US,1692387158
569,hammerfest,70.6634,23.6821,46.85,93,75,9.22,NO,1692387393
570,aketi,2.7388,23.7833,72.12,98,95,1.74,CD,1692387393
571,las vegas,36.175,-115.1372,94.44,30,0,24.0,US,1692386935
572,tartagal,-22.5164,-63.8013,77.41,41,97,6.87,AR,1692387393
573,malango,-2.9627,119.9001,63.75,97,94,1.68,ID,1692387393
574,ciudad lazaro cardenas,17.9583,-102.2,85.98,67,93,8.66,MX,1692387394
575,rouyn-noranda,48.2398,-79.0288,51.89,100,100,13.8,CA,1692387341
576,steamboat springs,40.485,-106.8317,85.33,38,40,11.5,US,1692387394
577,aban,56.67,96.06,50.97,98,66,7.78,RU,1692387394
578,winnemucca,40.973,-117.7357,89.65,17,0,4.61,US,1692387394
579,sai buri,6.7013,101.6168,78.37,85,100,7.25,TH,1692387394
580,ussel,45.55,2.3167,69.8,55,93,1.81,FR,1692387394
581,salem,11.65,78.1667,76.75,75,100,3.91,IN,1692387360
582,porbandar,21.6422,69.6093,79.77,79,100,14.72,IN,1692387395
583,sumbawa besar,-8.5,117.4333,68.34,88,92,4.12,ID,1692387395
584,dongsheng,39.8161,109.9776,66.54,27,1,6.08,CN,1692387395
585,marechal candido rondon,-24.5561,-54.0567,66.13,88,92,11.72,BR,1692387395
